{
    "Num_Children": -0.005340151347834517,
    "Gender": 7.757799192776109,
    "Income": 17.751314020957786,
    "Own_Car": 2.3538546423883764,
    "Own_Housing": 5.4512786755984015
}