{
    "Cross-Validation Scores": [
        0.9722875,
        0.9732,
        0.9719375,
        0.9725375,
        0.9722375
    ],
    "Mean CV Accuracy": 0.9724400000000001,
    "CV Standard Deviation": 0.00042517643396593587
}