{"male_threshold": 0.6039393939393939, "female_threshold": 0.3564646464646465}