{"accuracy": 0.9709125, "precision": 0.9510533619275893, "sensitivity": 0.9749442307070576, "specificity": 0.9683710693105627, "f1_score": 0.9628506202206294}