{"accuracy": 0.97225, "precision": 0.9546188681635368, "sensitivity": 0.9745562704083283, "specificity": 0.9707962257229615, "f1_score": 0.964484545978115}